Channel_1,Channel_2,Channel_3,Channel_4,Channel_5,Channel_6,Channel_7,Channel_8,Channel_9,Channel_10,Channel_11,Channel_12,Channel_13,Channel_14,Channel_15,Channel_16,Time
-0.0005366234798314003,0.04847691933918711,0.19382936154529506,0.2947182359356676,0.4828039544513219,0.5258122221346457,0.5570171599207029,0.8029999141427412,0.8607117435991513,0.9363352524217489,0.9144183714160632,1.1306495245529036,1.206303555668399,1.2809263777399895,1.286862490040586,1.555176069586115,0.0
-0.017499818673632095,0.13726479086342913,0.2454476958428161,0.34058762370789286,0.4837097942105938,0.6142705630876996,0.6547591365976657,0.7511703652692361,0.7627553730443491,0.9177822281244545,1.0958525755672692,1.0897504111811975,1.1363712538039936,1.386980185509393,1.4893064089697754,1.4350603028807762,0.20134228187919462
0.05733341024771205,0.15790778100353137,0.19582241761802494,0.36562686432531205,0.5146865362617783,0.6057281100507854,0.7525497515732049,0.8541504621033055,0.9105629176056468,1.0328474383998836,1.0985601534735048,1.1870762375916903,1.202404887574433,1.435845940530775,1.41274164346603,1.5078058420593046,0.40268456375838924
0.11404670833753165,0.291646511618083,0.36818759505475074,0.3713054962724048,0.5345431867290744,0.6059582908118182,0.7501779424735646,0.8310629484407521,1.0000970728806529,1.1430620147062052,1.1696872812220784,1.2502255899656254,1.408096449325779,1.471639120254767,1.4872204202199155,1.6275773642849414,0.6040268456375839
0.09524458472451026,0.29944724928640315,0.35852812091088837,0.5192269276802854,0.6307573994691544,0.5750258862765635,0.7720663318175928,0.883381461431987,0.900888234115974,1.0160605058828296,1.1606685180772236,1.3011819005606675,1.326955249873234,1.5707264273970893,1.6132741975741336,1.6858695668500596,0.8053691275167785
0.21786763271277482,0.3360265091654292,0.47326861274153614,0.4703782572243825,0.5039076603566455,0.7019795720336979,0.7758889675117435,0.8059332695921497,1.0915631814124636,1.1333446960379967,1.2111236460999775,1.2068083623530999,1.3940959744608614,1.4526841935489387,1.640324774944426,1.7980107011929336,1.006711409395973
0.3069612873927744,0.27953457778283985,0.43044150716305796,0.48326409614793936,0.6618783699669974,0.6935522718643302,0.8416502310452938,0.954173970610869,1.0297982336471274,1.1163746288297385,1.2180371370469842,1.301056729224975,1.4451280763298837,1.6215599061285517,1.6339739467706962,1.7671116973703032,1.2080536912751678
0.3271055753337426,0.4245970837609082,0.4343108202737882,0.5097580265198088,0.6524577735351269,0.786986960563532,0.9361517386277094,1.0264575770364877,1.1019930922650092,1.2515132905903854,1.304380879641212,1.3781070380726803,1.454506592319258,1.6324705694677766,1.6556291522044717,1.7087969075879872,1.4093959731543624
0.28203990649404137,0.485495439186508,0.42961402550611644,0.514711598046739,0.6988802136298271,0.8463573168670742,0.8227434106326346,1.0451688810149657,1.1552934164487265,1.2211427240851056,1.2868255760274652,1.4525447424657265,1.553213976787058,1.6759105775681722,1.7327653312800873,1.9039927251087052,1.610738255033557
0.36615828730418387,0.3911307207454289,0.4784853776513257,0.5661289206425273,0.8128927459311083,0.8696823726711753,0.991503614272222,1.0141709922514037,1.2328018545689983,1.1725709377840638,1.3614408693400175,1.4651488772509291,1.5415898022837895,1.6167926868996294,1.7070834554526968,1.8609807915133187,1.8120805369127515
0.3811937925792023,0.4904062362550814,0.681739171932962,0.7518552994624466,0.7743306958081624,0.8232336817473096,1.0532185607608013,0.9933424881750477,1.1630098366446842,1.3365355224058155,1.3704015967375276,1.4545534188757077,1.464135343065028,1.6112099394061847,1.8952494651044374,1.9770286642244748,2.013422818791946
0.43639959644704923,0.5404198416047676,0.584291327883053,0.6995412502204437,0.7864214365973224,0.8960059087664698,0.9947734597863396,1.1436836421877206,1.2902525637151734,1.343795940191929,1.3814899427406675,1.5744199708223678,1.6203763911540956,1.7210637628290821,1.9033451375342552,1.947765455468246,2.2147651006711406
0.45688262365511434,0.5704369154595978,0.6960501356608663,0.7099366154875727,0.8167130866591106,0.9534232034682929,1.0068127167286167,1.1351473836022128,1.2854729201249755,1.3826055458907585,1.3767647301798993,1.5334625304585785,1.6715083807269964,1.8150606366453355,1.8693132952658071,1.9310106857176947,2.4161073825503356
0.4855003488274948,0.5467784700029114,0.7710027544464462,0.7456331554584522,0.8986088946454456,0.9661264960165167,1.1203345813540735,1.2381611419698584,1.2724045211135382,1.4166337133363227,1.4698465231426123,1.5696335845531868,1.7280864080501486,1.8585511434616913,1.8657382042402881,2.063623494321455,2.61744966442953
0.5403874071001642,0.5956957379028491,0.7356113634052591,0.7588825175225397,0.9436037572908436,1.017519081283627,1.259259141483687,1.221364583853069,1.3830475059663598,1.395038844879181,1.5201446483488552,1.6561355207612403,1.802156097323197,1.8207416288987197,1.9213734486075147,2.117344606412987,2.8187919463087248
0.5020433839718996,0.7660218374991712,0.799116810457787,0.9563451486296644,0.9830466175715504,1.001441787929605,1.1836874713413934,1.3031544488337798,1.3787884443491734,1.4823411896886913,1.4999070649885629,1.663574958670823,1.7187454387981018,1.8677390437036197,1.9832999103025564,2.0425920249575893,3.0201342281879193
0.6646533808226177,0.7177092088146958,0.7703913030229833,0.908778555546478,0.9929406840714006,1.0600667452575614,1.2868926771336808,1.367615977546909,1.4501966529886356,1.4369302823459402,1.6529503129745322,1.603986268147099,1.8386316703655607,1.828344705375494,2.069782826887524,2.1616466395851237,3.221476510067114
0.6583620697373778,0.750518392909356,0.8266779190700163,0.8757641654282625,0.9862789374500216,1.1099595871460843,1.23386439828304,1.366273318515017,1.4159280799564102,1.5726529793222719,1.602430416813667,1.7874556681499132,1.7568412859666631,1.8475240006081177,1.9493506482571958,2.146893596081134,3.4228187919463084
0.6652480715228096,0.8249528208171151,0.8710984844041373,1.0384750842364516,1.065751135026133,1.082717383225933,1.2272764072666749,1.415908446712082,1.429796010740266,1.5509220065585219,1.622376855830186,1.7544538954338256,1.8436769573254064,1.9680722284791217,2.0378671972996103,2.1697096664277997,3.624161073825503
0.7244681180077703,0.8459864965939962,0.865127219269234,0.9936826555482823,1.1451840850561903,1.2790702791665303,1.2462804569421473,1.4503636949718937,1.522164806223529,1.5802296568563539,1.6942603988448006,1.7881683849877463,1.805823567354624,2.0657138304654215,2.0935488427461384,2.225030294460404,3.8255033557046976
0.7928168381957009,0.8267066184853474,0.8935733275876321,1.0386709530084082,1.0998146277403278,1.2624790003710213,1.382420137552788,1.4816467576694774,1.5009606626698253,1.5756155747071405,1.7416164560934404,1.8155132175945643,1.939280818583522,2.1263137461526793,2.117087170232361,2.3031435683912367,4.026845637583892
0.7175931168555584,0.8921705793146765,0.9541437335871035,1.0703348357163889,1.0799448199794148,1.2565497655870947,1.32798724688302,1.4601990214891174,1.533767290826048,1.6219109644342131,1.7833308271900399,1.8263640952822915,1.9780741549714542,2.0378853088913793,2.0957451803387057,2.2750361967371706,4.228187919463087
0.814519021130753,0.9293141484819141,0.9651897049636229,1.0053646041586284,1.142711760248056,1.3029219243147518,1.3705355581213863,1.4436308199488557,1.633435147265439,1.7097195959605873,1.76783200769398,1.9491087514451961,2.003353450341363,2.153555535813136,2.218918247472362,2.2758034927321384,4.429530201342281
0.7158683154447916,0.8991506077054352,1.0974301366871344,1.1758299092631246,1.164043118374428,1.270970992824396,1.3132822335568513,1.4744772700927986,1.6521285628571616,1.773068182128182,1.816465521514683,1.959094965323123,1.9525483347400296,2.09930475656739,2.2140554405680506,2.401218467870274,4.630872483221476
0.8238957228576222,0.9385891173640806,1.0596185504827087,1.1705272735669643,1.1151757994593623,1.3241978852433773,1.424718023707226,1.4649688453041998,1.6817175650724936,1.7461929965841123,1.9721655537018254,1.9159209001677453,2.052196206298407,2.1580650107725825,2.239408281873052,2.26342981359749,4.832214765100671
0.7724898463142841,0.9313452006806622,1.0379229288335907,1.1311490003054068,1.2396884215538602,1.3687482664309996,1.328165336347919,1.566384350604086,1.6004806570456886,1.7217401272599007,1.7665483393807129,1.9148806214535936,2.0403733829372643,2.1617056288259575,2.310039392541685,2.3291703792010536,5.033557046979865
0.8926169300742366,0.9834808282862838,1.1030522280427286,1.1766635724293915,1.3313598515035947,1.2721581736828007,1.4503489612789147,1.5964377198564832,1.6210376242611146,1.714897904208208,1.869495160203437,1.9912189054570273,2.015961997566758,2.140773322915016,2.246325134982594,2.338943106979092,5.23489932885906
0.8644837971498025,0.95917290401832,1.1359495069433794,1.2085646677614807,1.3717463694245693,1.440102230424439,1.4204044808331613,1.6539640211762134,1.7295209769623785,1.732261245908751,1.8461248483280857,1.957743993093934,2.1430218718347036,2.23915989693424,2.259828882244791,2.4083173425982554,5.4362416107382545
0.839092189915942,1.000085201434045,1.0500509401755589,1.1843120822324842,1.2680726682525778,1.506424002898049,1.51076575684823,1.6243200836497667,1.7563626507227421,1.8116904444349031,1.8977236700790847,1.9488873433675182,2.0400213960196045,2.1501462958971853,2.3781626323340213,2.3724202086765454,5.6375838926174495
0.9804468150178905,1.139966647420259,1.0421954717200854,1.1913039034613997,1.3289923532330465,1.4103581112321466,1.5390120248798191,1.6340283656281747,1.7556814887787278,1.8003936691123834,1.9503050607611934,2.0425565414895326,2.1110225799263187,2.2038875080923264,2.3038181583983297,2.3950943515940226,5.838926174496644
0.8638861121604339,1.024259330994977,1.1321938052655554,1.2920856340469509,1.3685708972661685,1.5005823132666727,1.4897603324395525,1.5576100698563449,1.6245338200987873,1.8046734447201103,1.9104220160245111,2.135590523854415,2.085513937467041,2.2053441356290007,2.388266910768814,2.4442611382070596,6.040268456375839
0.9831609966807171,1.0628996572963074,1.1309083608576742,1.2445012910370281,1.3180569909735111,1.393783845350377,1.5484195321489898,1.6972274673287264,1.747611419657844,1.8719943183794356,1.9668390261085937,2.046241225601604,2.1019333596513627,2.2057969258837575,2.2968745950391383,2.4344120039969668,6.241610738255033
0.9968240275640421,1.1072816141735944,1.2019776918705563,1.3296715619342638,1.2193368368016522,1.5356498242786114,1.580200489505174,1.6503747426556155,1.7946143097944764,1.9213362013905582,1.9413030126651032,2.1153328788694536,2.128079482650839,2.304415510341246,2.356813631624988,2.4833640028231905,6.442953020134228
0.9517463168521326,1.0155384231269904,1.0873188732874621,1.1015205917805062,1.3768703741394162,1.5031383518152002,1.6239531502948918,1.5748859732032416,1.776907568592344,1.9601803328286793,1.9869677284542804,1.9854050451092393,2.1131693978080826,2.2623676773728487,2.2902808929725267,2.4223543639739957,6.644295302013423
1.0181756758383897,1.1499256384366312,1.2763446969195837,1.3165842594209283,1.3191003702880928,1.5091466995820966,1.5692526347831937,1.648820425771129,1.797932572468572,1.8578911263006566,1.8943023100276197,2.0929109996839106,2.1560321395499957,2.250680700741712,2.3380464445112574,2.448586541943718,6.845637583892617
1.033452876399597,1.0961522000750024,1.1956162381714266,1.2785638550996667,1.3710097960371597,1.4538845715448603,1.5900721179376183,1.6576077667069589,1.8366421380035827,1.93545658405801,2.014518508492849,1.9782342211460149,2.188368424935884,2.2855055603314187,2.4664083337508322,2.330612538175391,7.046979865771812
0.9803693722446761,1.1248623698429623,1.2103841326598028,1.2659393603303013,1.3702192512135114,1.519485827577273,1.6444943012283324,1.7238095872080175,1.7997047361905663,1.9008313807957857,1.9682021882429268,2.091154827198383,2.173530684064677,2.2743496397659433,2.365772608337939,2.4432307689368336,7.248322147651006
0.9224676880441851,1.1401235379545644,1.1951508782845381,1.3254801183462896,1.4070654880350588,1.4087438963830976,1.5743798277249086,1.5360131469305183,1.823858679077611,1.9015461556980289,2.0243957901038683,2.2261499369040534,2.1535901377278206,2.265285326141109,2.3639440047285665,2.5323301142384773,7.449664429530201
0.9162921499356558,1.0748266225493393,1.2624354182997957,1.279720668404742,1.353224681076307,1.436734173426347,1.6577284119358857,1.6670691211526234,1.771798345472734,1.9270475401412448,2.0581563061586494,2.099542504287582,2.2262992539262836,2.354750603042596,2.4862463382542197,2.5079083215488254,7.651006711409395
1.0166342957141707,1.10741966455543,1.2410850840423548,1.2799243761374952,1.4716963775970286,1.530646691482792,1.5766714342903028,1.6313672583526277,1.8479506201990408,1.8427607240084953,1.9180022533531926,2.1397801083419528,2.1925035966748556,2.292013301521037,2.4339998248604666,2.475643165780555,7.85234899328859
0.930084594295088,1.0906481586981416,1.2285677431013307,1.284294436793342,1.4404864770432146,1.5687293112351068,1.508123878265001,1.6453533995858003,1.7330935060582076,1.883404726374263,1.9997845554050877,2.008660380926553,2.1843322457456673,2.2780640317951297,2.406325339365811,2.4371232211306326,8.053691275167784
0.9477020122271146,1.115951555951613,1.2888280419632356,1.3876601045725963,1.3149080853095882,1.539141903387484,1.623400718843967,1.7084533402654332,1.8300318825363102,1.8362813053000644,1.9419427582998474,2.0953847058811075,2.2099475317382957,2.301121112472364,2.3912363014477656,2.5440948051976537,8.25503355704698
1.0230067640679603,1.0281102007479186,1.1288933511907975,1.319913377147412,1.5287191591694278,1.45300229627434,1.6138237555259591,1.6686832914983474,1.8385693948780957,1.952258115870135,2.025739399874817,2.1186465039158846,2.1566007552833804,2.2335893166919067,2.3366814195261743,2.596338705034171,8.456375838926174
1.0855123494003964,1.1125031884578183,1.2206241533938988,1.2325786641703786,1.3882229127276067,1.441866534463887,1.6081468701103647,1.596498073818919,1.842250520142017,1.8509525200775765,1.9680393132956358,2.1146047539299113,2.139610107424386,2.4675232085109036,2.393080895339831,2.508940598723517,8.657718120805368
1.0074229949110463,1.1038817170395245,1.2306212804919294,1.2437214316749248,1.4813869410221678,1.425373818642871,1.577903796966158,1.7338072113278535,1.776243662393731,1.915856748388494,2.025810520908879,2.219618920399723,2.2471166006701817,2.3583405170546117,2.348355679902827,2.383222968855645,8.859060402684563
0.9382986002869197,1.1061695746729887,1.1728797759631087,1.3178396455081578,1.3165409895314233,1.4496270241326885,1.5229987510610616,1.7704826005255243,1.7805313008321955,1.9109088670776417,2.053472944372179,2.0900835437419234,2.213547207872898,2.2370739088565155,2.4117651528510904,2.559908960294344,9.060402684563758
0.8662215235011952,1.0956100286597414,1.1365860204450189,1.2661185348964699,1.3676858503375635,1.4889517532611076,1.4848383181384295,1.578150740797426,1.6552290427699625,1.9529730627976474,1.996751664702947,2.12264853510729,2.203245557108011,2.3586495532029765,2.2939430874617948,2.418424113622523,9.261744966442953
0.9875036476532585,1.0519100220714002,1.1469718699318954,1.2324944422097288,1.3778724138751257,1.4539199260191218,1.5708954688329493,1.6777250224042268,1.7063498173317462,1.8324152252284387,1.8441496396564467,1.981947690390439,2.180247202935525,2.24491165503894,2.34411086344665,2.3746286444280207,9.463087248322147
1.020024052360212,1.0963308632399889,1.1075677693310737,1.2013668270346063,1.3186587438525947,1.4207405248679392,1.516113159017619,1.6322963701017321,1.80429584297321,1.8171180247239134,1.9874556964229078,2.2408990259721904,2.15715988464666,2.365064746300014,2.3157017333444476,2.329438047690135,9.664429530201343
0.9259550574439083,1.0558177585798472,1.1371788269104424,1.2761112417977902,1.2837788914624877,1.4113681705794752,1.5103705934031066,1.7178465381409331,1.7074407725257923,1.8501830599274927,1.9239300792404022,1.9836033684437737,2.207282240367321,2.201965316473832,2.283466237960965,2.3905104304395564,9.865771812080537
0.8514570767921594,1.044866631416839,1.1009117088218847,1.2220063778170465,1.318435524792405,1.4211080770541558,1.488916168650913,1.702108969244908,1.7034645691845394,1.7487115432390707,1.8906584768306827,1.967518175233431,2.128511498958008,2.2204923964011303,2.227073555179685,2.399778832084346,10.06711409395973
0.90470700899183,1.0503855566851545,1.0775063418506652,1.1529141953276851,1.29040871747447,1.3220928437108261,1.473766599305049,1.6264495357635846,1.5683712936913943,1.86552533193472,1.7744673373222097,1.994431792438781,2.1259277962428427,2.228329320010406,2.2910201613744094,2.44912868739563,10.268456375838925
0.8919485121869895,0.958019107200711,1.0110880450252364,1.1841971548544534,1.322162774199587,1.3060868990249486,1.4835475300733787,1.6193564593437744,1.6058957130484455,1.8439216827589742,1.8721422990203627,1.8718308322617072,2.0339586239884375,2.1818871980809083,2.2240129922989893,2.3455822051016346,10.46979865771812
0.8380607016045287,0.9129535895235805,1.0132740958595814,1.1732799803187601,1.0767865020033196,1.3797093598593408,1.4185751302181284,1.5976973232620777,1.6775740922916271,1.7215959208559686,1.7389369245632076,1.9564019383967133,2.0952500222482957,2.1120735469880785,2.1970627423297255,2.41559566549635,10.671140939597315
0.8268768709998325,0.9273490132282229,1.0632044449004219,1.2657122773988372,1.24514121121048,1.3512686931932323,1.3179188663651429,1.4518235524101273,1.550529988168892,1.8160274962791476,1.866423791039511,1.9539541240291123,1.9433661862253986,2.1446317859193553,2.2539038624450716,2.3857387133293404,10.872483221476509
0.8226615377743752,0.9104239959952788,0.9448287011587019,1.0334091579100007,1.1809918915695314,1.3228952613967089,1.4166644986052934,1.509006037968498,1.525426262203517,1.6950950236097182,1.752562715427504,1.9174688208094892,1.899797557606648,2.094841882279258,2.1800203609730797,2.268048546241844,11.073825503355703
0.842283749048713,0.8022636096261436,0.9565184361132064,1.0500926856617459,1.169757042898273,1.25667500967884,1.3702067170451402,1.447153996695607,1.5457074391147563,1.6207827121934142,1.8219541751967097,1.9607405222064493,1.8127764198884437,2.0531582087204345,2.1597817651489937,2.2209808944610674,11.275167785234899
0.7383694033185085,0.7681288019154792,0.8473111298198688,1.1284940093056681,1.11619737671632,1.1967559656049178,1.343148348638826,1.4682347277688423,1.5412540170489786,1.6267066314510392,1.7911441168526023,1.826554084735847,1.9085989900705194,2.03826660242933,2.1539488491950887,2.247929920289848,11.476510067114093
0.6973885850131544,0.8606353611364971,0.8915155076285473,1.003533733533221,1.1481282424186212,1.0540849508564984,1.2777155884175342,1.3474765313652468,1.4817734016033517,1.6172561425323622,1.6659220328135675,1.7985937126210816,2.0093124792514,2.089204550263958,2.0701684822459168,2.1288185300279503,11.677852348993287
0.7289898696596369,0.8215395124886549,0.8699690194537953,1.0125135734505701,1.0900505095798323,1.1457359519893728,1.3210654915498579,1.443844312280763,1.476186552085789,1.727114566980472,1.7010299236982125,1.8020086691527866,1.9412827615244486,2.027248615485811,2.0767697501840896,2.177745720980006,11.879194630872483
0.6105280564234733,0.7224783408953802,0.8917320256255767,0.9039869680624244,1.0683963767380096,1.1683722057694945,1.2287472890297026,1.3512795397021948,1.4952039810154725,1.532909749404519,1.6330193792536,1.8185436983620826,1.8834033563939447,1.9083457822949654,2.0676834883180826,2.1047344716782836,12.080536912751677
0.6873208680999234,0.7180894199915526,0.852231220110655,0.9185206318879406,0.9664880592182641,1.0773522006258567,1.189754628809633,1.2802685845289643,1.4437891443577244,1.5045480728475584,1.570057543372636,1.790311727647366,1.8697063253663249,1.9315846320938084,2.0295817378905903,2.190534552918041,12.281879194630871
0.707624876464897,0.7051525324955162,0.7714737201066081,0.9256805734004268,0.8871151058364419,1.1013362227359935,1.164465873834028,1.3618404190905353,1.4047157041316538,1.5644935141496266,1.5859106325297438,1.7150816365886183,1.8270846191672874,1.8803743979380365,2.0978501109687273,2.07765027795858,12.483221476510066
0.5492881115023198,0.7012332418621472,0.7909668824557168,0.8866643182419203,0.9820416530535543,1.057527957985659,1.1607653236014723,1.3877074574064658,1.3990980516536027,1.5091371191958487,1.5147543723168586,1.6625299265692304,1.709573455864375,1.833365224602776,2.0239632387865942,2.101122656026749,12.684563758389261
0.5638033312228037,0.707083947648047,0.7523239406380241,0.9090137303242616,0.9635456291608202,1.0612939695723078,1.025525557271403,1.2050062869691542,1.3734807058750462,1.4261720874189483,1.5083882121622785,1.6312956016297613,1.7652252356882556,1.7656761828577712,1.9741817348317436,2.085283038453797,12.885906040268456
0.5867374529393774,0.5415614025972072,0.7608490889702343,0.7510405529287143,0.7718652077040771,1.0309798330306466,1.1667509262431572,1.2416556119667272,1.3575185627864403,1.3365180840066788,1.462670423714491,1.6852018821180215,1.7394298544048206,1.7998837818801752,1.961851380465229,2.1201586078151324,13.08724832214765
0.43868287805221684,0.5505899096459368,0.7900300266650244,0.7638877068982288,0.884578292864875,0.9654671305444527,1.0659652959142143,1.204863233540522,1.210772299258748,1.323146623421315,1.4929423071089265,1.5602688870025125,1.6293161750730754,1.784982653661006,1.8304183334352366,2.0232692800720784,13.288590604026846
0.4830300686451652,0.5683879472696942,0.6003491109624861,0.651019526197212,0.8196388710566056,0.8991381577334661,0.9912710345253355,1.124111228681203,1.2765732938962233,1.376431667473748,1.442894814756627,1.5018050785536228,1.5350147269571104,1.7371387162828174,1.8537723593249655,1.9707088048792873,13.48993288590604
0.3921543918871566,0.40426005302359935,0.678258884130744,0.6633445909260511,0.7523620581400025,0.9773313737756356,0.9333338465288523,1.1250551445206916,1.1992950249841283,1.300881002941215,1.4342542661845021,1.5065133459550095,1.65692252727791,1.6628001792019513,1.7633354133471153,1.8714070044887667,13.691275167785234
0.34784610976652763,0.4724097675655111,0.5109821485625041,0.5887990445404643,0.8451285039034087,0.8069958138646449,0.9077063492409402,0.9792827515078836,1.139669956431872,1.2845311397661017,1.355904823689272,1.5080160005352539,1.5741208819190087,1.6109005027338026,1.7345897003224369,1.8678113693932523,13.892617449664428
0.30667674076695906,0.39726531111696284,0.47013746018714453,0.6696663807539789,0.7454341363734251,0.8930604170300783,0.9134071669785411,1.104722321049127,1.0767687571614446,1.2170514729327468,1.3348333584759295,1.5352004611784547,1.5663348176767065,1.738664448890508,1.7127896239951574,1.803436538196816,14.093959731543624
0.212228592689357,0.3346258599047131,0.5074044633336627,0.573968822590186,0.610264796816506,0.8058739970730651,0.830794208387256,0.9972744600988808,1.0557944063026228,1.1532736182138352,1.2834409537447944,1.3311995241232917,1.4908558952421553,1.5319230553240515,1.687077544319966,1.7744409326115496,14.295302013422818
0.24260842958152085,0.4095551774599202,0.4323590428826489,0.5673095141234616,0.6237321636075521,0.6812976310908856,0.8577663723187793,0.9634522780224118,0.9755930373007295,1.129374063663085,1.224005909747833,1.4373218442641504,1.5219597637599653,1.5014796146378755,1.6393423917500871,1.7178881079778288,14.496644295302012
0.11080351070583591,0.3369105472631641,0.4251927243402426,0.5025291785219066,0.6603888335885911,0.7597501397710722,0.7231220375015783,0.977458100413555,0.9695653718233432,1.1607964750725803,1.1545296874020234,1.2385688961754084,1.4020113196134552,1.5359838221980666,1.541886751279977,1.7736082804340003,14.697986577181208
0.14859291881755426,0.2588112695300592,0.396291214997633,0.49654647610929303,0.5564223773187557,0.7075191382611303,0.7089811054326912,0.8903955692079294,0.9173903626332565,1.0746696731754941,1.1520186904348542,1.2928322231331684,1.3895257074935632,1.4126582372813998,1.631049315862527,1.6554744225593738,14.899328859060402
0.06097391813164903,0.1785948152419407,0.2985139279204878,0.44206214883979855,0.5144028194602679,0.6323309524534751,0.6908042577033774,0.7455494102502981,0.9690991652534842,1.0421010832955802,1.1456987956472304,1.2165129444202936,1.3970472035380148,1.4112309075605327,1.6088086962707686,1.719132772181201,15.100671140939596
0.008016077320317255,0.2599848584917014,0.2679743412209227,0.4331092342454916,0.49409733254751703,0.6550607342113137,0.72944777487395,0.8647198973856064,0.9095947364141904,0.95138373912862,1.1249394679371247,1.1393937045065687,1.32897822331146,1.3743366367671008,1.4126351486052315,1.497304562456578,15.30201342281879
-0.07733619937581723,0.06359257857462436,0.18850146738043527,0.3280272438019524,0.36138781034311585,0.5269292368634761,0.6762955134048483,0.7424219238870005,0.7803593251007999,0.8727431799524152,1.0256922263926216,1.241041437272126,1.1594493298600916,1.375160780209365,1.456382267501574,1.5536713353514195,15.503355704697986
0.02999834200596899,0.08654553125985767,0.22716922431696704,0.28449415450363685,0.37440855748174795,0.46140027941662215,0.6108891334293832,0.7865101975762089,0.7885671303638684,0.8505620060398649,1.0768230989162881,1.0420288068770986,1.1672888055915527,1.2878883203270624,1.4334489474065988,1.54596111576479,15.70469798657718
-0.03128538599326874,0.09118329835235003,0.044079974120836744,0.27631909321170534,0.3872864086526573,0.5541528878415883,0.4762621235636404,0.6940682219407007,0.8156249109904435,0.8592299038836112,1.0585045933410098,1.0065906411757084,1.202156337240843,1.2657456630001338,1.4368929277867089,1.4807859547676934,15.906040268456374
-0.16870489382024587,0.05424944403413623,0.1578494312052755,0.2340441499317167,0.3113296686070175,0.3923842793815788,0.5393780826455638,0.6641818118224441,0.6817186162586919,0.7825283582269484,0.9938642843065204,1.001548046889142,1.1058314236780902,1.2530651182120152,1.3073735356134508,1.4154725560658967,16.10738255033557
-0.11003450214128532,0.006107787779101287,-0.008239523528080592,0.15328232411126985,0.3241241556656688,0.3972690772366824,0.43752073191318946,0.5352976608714308,0.7840658667881513,0.7598635577187793,0.9658656837706652,0.9930886378481933,1.0450802593698654,1.1031644709418864,1.3225665780101503,1.3071176200689525,16.308724832214764
-0.1679768185901442,-0.0634251311016705,0.01310235331251794,0.18354163631226553,0.201419217590779,0.2877597940671953,0.43361760300420005,0.5947062249470856,0.629568326959005,0.8331374377688708,0.8372700246390885,0.9276224858436983,0.9949149217707838,1.126339314310441,1.2567596147475744,1.2831756559633292,16.51006711409396
-0.17574191255019528,-0.10262308001753985,0.109076417925072,0.07775006601694912,0.23582108732519913,0.3597802218463392,0.4579110758270811,0.5148218318549208,0.5767310011655614,0.748207295704781,0.7367439671470154,0.9042043866987638,1.0477227313389696,1.037935515973572,1.177093578974472,1.2728173723156102,16.711409395973153
-0.2626112856651612,-0.18785950445340274,-0.008518335405835131,0.01991541698865698,0.21581326108101193,0.27698623182572235,0.4347523297125917,0.6379983524438942,0.552789883190816,0.6451426519045916,0.764984392631168,0.8239828118028069,0.9500620062669877,1.0752965685360298,1.1868931088374592,1.3209330733452387,16.91275167785235
-0.32299692436262645,-0.12502289712017334,-0.0718227774875555,0.014087800321415989,0.05450521738205394,0.285258516576947,0.269997756840028,0.36909899253406053,0.5298832436059052,0.6580538801434171,0.6457518811532587,0.8354503345204207,0.918416826510972,1.0400047890745239,1.1687343734582034,1.1749704629862232,17.11409395973154
-0.2794666273658608,-0.24305782322053815,-0.13518505284147134,-0.0519080944643977,0.09078450235419189,0.11007452071077051,0.2920237379943003,0.36383608494615155,0.531431144998497,0.5594858818777677,0.6789273115052259,0.7370632253476668,0.9004323019903664,1.0492760566966024,1.1032780183164603,1.1592387416423129,17.315436241610737
-0.38491763209527213,-0.2937116440660785,-0.254851248737865,-0.1269160227272878,-0.05065803243961664,0.18082229214801854,0.24175097249178062,0.3568336546453144,0.40800130186183753,0.5851701795076589,0.7189559840951598,0.7741887888838908,0.8339318210880411,0.8840585736538251,1.014634775831863,1.1435289059565648,17.516778523489933
-0.32998258193095265,-0.2888484225124958,-0.1531863081634646,-0.13830826532132445,-0.0422831713600344,0.1023437579922889,0.15797564970097944,0.41859465986162636,0.4559519499541873,0.35634876329976783,0.6209323193970615,0.635275381707705,0.8122887161555168,0.8838771988392242,1.068249887289737,1.1141688005279875,17.718120805369125
-0.4149233877253029,-0.24123626657415947,-0.23344877736827302,-0.023989565088961662,0.026519016525364758,-0.013341139621484255,0.23747547068832714,0.26937433453393383,0.27494497988122774,0.3771488158003636,0.537061262878517,0.6798940918701069,0.7781991270056152,0.790516422950104,1.0049940541814106,1.0569200756934152,17.91946308724832
-0.3557857276485085,-0.3743312491136218,-0.3098231482187362,-0.19040048556049266,-0.08304910386147352,-0.03991542899405509,0.06307680131553761,0.24308286317178818,0.40183727524818946,0.454104395131149,0.5397604494928401,0.6743161116927259,0.7933995887783953,0.8167961419165919,0.9272521231430311,0.9967649051997476,18.120805369127517
-0.5143029812389923,-0.3378687871850502,-0.28066293344255033,-0.1823375456949325,-0.12188702690776798,-0.025921024695286954,0.09303613240619873,0.212742858679635,0.2506976284202866,0.45919045809138687,0.40074087522471274,0.7021723504810216,0.5857549851003454,0.8387112752204284,0.9309967594120139,1.0612985239212318,18.32214765100671
-0.5457613787470607,-0.44402526676718473,-0.32058459167783887,-0.15164161739865656,-0.1575298529425173,-0.06787886810985988,0.08125734836068099,0.14100861189345992,0.3597455120520501,0.46016176145548005,0.48925285618881187,0.6468646655763295,0.6234448124332996,0.6900827223470161,0.892647149142396,0.9975750158732433,18.523489932885905
-0.550402563885403,-0.43402403937043305,-0.3781423824830734,-0.2634682568601079,-0.161009330853918,-0.15560533424877326,-0.02368787027253838,0.11146394120778358,0.2146924300935381,0.3365508165557818,0.47627830377509195,0.49835195852935743,0.6333728791776871,0.6893278682977901,0.9023818632776051,0.873197471373736,18.7248322147651
-0.6218139039540963,-0.5158368541466812,-0.40997164173800993,-0.3951057658052743,-0.21209737290333686,-0.1614328121352553,0.0011370359671559749,0.11100405559589788,0.2198288350029337,0.2570473615420109,0.40327962197865586,0.46954941959942853,0.6502264864708647,0.5960433871546569,0.7878275981053282,0.9368332516083282,18.926174496644293
-0.6672897536504462,-0.5530328296370607,-0.47989866592764424,-0.3762189213555473,-0.13484859272112265,-0.07996478364228676,-0.08001057478786444,0.09692644348985258,0.11476590829218825,0.20825890354685817,0.3942612525619549,0.5185492169073407,0.5230531290445177,0.672991982735796,0.8274777380748399,0.8219572104486084,19.12751677852349
-0.7030764081198105,-0.6332548815882467,-0.49669444964821746,-0.33597037856256945,-0.24519292207045007,-0.18413158963811949,-0.08894207491509876,-0.009649587758303713,0.05780889634968944,0.25556772733301913,0.38117458192011844,0.4256293070981465,0.5004770513752925,0.6261848713999278,0.6856971637393634,0.8791204919666966,19.328859060402685
-0.7952245903045732,-0.583961696378961,-0.4374685729562324,-0.3553434447977277,-0.2828561544529325,-0.1910961712994198,-0.08759869257637964,0.0482704129119268,0.0714389341086985,0.23477264175581958,0.2949903071050699,0.3710227221528408,0.5338655186940233,0.5718479090784798,0.7072915137515852,0.8390915707254119,19.530201342281877
-0.6073997227598871,-0.6261204570019658,-0.5226777331585141,-0.5331651895629692,-0.2820289451523593,-0.19187458409919633,-0.1165878289617227,-0.02325879665374997,0.178576851881609,0.08290448493066638,0.2819848590894799,0.270288250239781,0.628209422279565,0.6308824996708348,0.6702421350454343,0.7562321321817157,19.731543624161073
-0.6579335608586809,-0.593977431777214,-0.5431381020623312,-0.4660309774298306,-0.28510556469315523,-0.1917397974520494,-0.08045579318893115,0.022699752510591642,0.03811006903357639,0.22145404215910158,0.21095974467572665,0.3791511432946171,0.424887452711439,0.4922464484239726,0.6499450331520233,0.8108649390782292,19.932885906040266
-0.7993889588950842,-0.6883747464294531,-0.483999391235038,-0.4687531895735354,-0.343538957986576,-0.27044422403519663,-0.07410991194080774,-0.08000780824381515,0.03672081725360521,0.23138258753989605,0.21875717971750896,0.34369692882799474,0.4506530322917648,0.6040262981358075,0.6409770106995618,0.5998231694025575,20.13422818791946
-0.8774947971491629,-0.7416948042709,-0.629287495340074,-0.49996689326513477,-0.41181048619273725,-0.34542304823224435,-0.2828767683565737,-0.08976501761873801,0.04184698827864841,0.15643030400296454,0.11184981072168909,0.25740172248011306,0.310906883630083,0.4863785268807925,0.5994235567112383,0.7732391947641917,20.335570469798657
-0.8216852251089718,-0.7390768889084277,-0.6984180688614516,-0.5449059758378959,-0.4225201916989382,-0.3542222750848883,-0.29386976544039056,-0.12175652591235953,-0.019340098700444397,0.1373736449477051,0.19018294967488547,0.21074076057661872,0.29328149138406,0.5022071253063591,0.5953360516015629,0.6607543009127388,20.53691275167785
-0.8461879666924198,-0.7432014163949658,-0.6218792530065331,-0.5647917773713131,-0.4645681861970489,-0.2622283745737778,-0.3109740127906244,-0.13966955969789763,-0.11755827952967035,0.04811368877868405,0.21570659770326683,0.3015700920607569,0.35242893132036546,0.42776170539239655,0.5334365397584246,0.6029195196884047,20.738255033557046
-0.897724303095857,-0.7630715047729224,-0.7450427956362029,-0.5508658930052286,-0.4790309214937828,-0.36663792083281016,-0.1785356235524589,-0.1365454813547866,-0.023257906680826168,0.022845704470947914,0.10166629111233572,0.16727754277761675,0.4009558104401385,0.4674394946266107,0.5670529203730099,0.723035730898451,20.93959731543624
-0.8901697694811685,-0.7735903872445651,-0.6367960798436499,-0.5551979999140791,-0.4755724819033738,-0.37460362003641157,-0.2783943484422877,-0.19210750282319666,-0.12386454790997292,0.019275636914313,0.09613493033123266,0.13429334868637688,0.2887142083120944,0.46021366401851993,0.527435324240713,0.596117607713198,21.140939597315434
-0.8617704455099303,-0.7611617742995616,-0.7466895940210112,-0.5708596405950823,-0.5752732874499771,-0.4095596398514027,-0.37225865073528785,-0.1997308742477415,-0.08888495850149924,0.04191696923420296,0.1346710120961666,0.23288193827390746,0.3875620247627535,0.42243850267539773,0.44520346961450186,0.5177594207848087,21.34228187919463
-0.908570647120963,-0.825193800748137,-0.6892840059452316,-0.7104987228105515,-0.47492453295701315,-0.34083021213581,-0.2835996709657074,-0.26252421822015026,-0.0496069206961004,-0.023001748278416168,0.1173033578812197,0.11572673291041213,0.28747210180806837,0.35876603586306044,0.46283305208798664,0.4852060315044677,21.543624161073826
-0.9442952273825763,-0.7615237509442244,-0.7961371399995348,-0.6222101013442272,-0.4607735051800466,-0.4265187941663171,-0.34359859526397685,-0.21717981156901434,-0.15417170071713626,0.007194599824202896,0.1048949787523431,0.08858323976457971,0.20234048680829997,0.3711024325398128,0.49252883488258015,0.5672705303371796,21.744966442953018
-0.8949734745340819,-0.833923070358033,-0.7430618215347135,-0.71181503503833,-0.5708807944900544,-0.4643145570795114,-0.4587626421611283,-0.2613780031690557,-0.08674418079391977,-0.04074221800172817,0.09098165136513636,0.18628148282740586,0.22913972480114164,0.362668831861663,0.43592354322056825,0.6252816400568012,21.946308724832214
-1.0015515071525736,-0.803775015500649,-0.7490731102692305,-0.6795496180678089,-0.6554643284177885,-0.41013707286418255,-0.4049011301255163,-0.18312797998981745,-0.16268271194494643,-0.08463057646029193,0.051943785597745484,0.10911665934044457,0.26026531786283347,0.2674827808524135,0.471464158781843,0.5385625593469604,22.147651006711406
-0.9059746979111787,-0.779977888804685,-0.7436350213753767,-0.6447183041159987,-0.6427425243969858,-0.45180856440789097,-0.36381707281233655,-0.24893029401299938,-0.17937371840579686,-0.03345004686732178,-0.0067872478974598804,0.10451491494543608,0.18664353105807363,0.3789447877197827,0.39361489268572236,0.5534089627797925,22.348993288590602
-0.9857774299759542,-0.8348489259924238,-0.896279903824012,-0.6933008502505554,-0.6009783526871917,-0.43175972855110867,-0.3403980496940522,-0.2642685376134395,-0.17310417148654156,-0.09080362457540059,0.06347159782740364,-0.02025483201398759,0.18967322429655198,0.3237347005570339,0.49272523684469083,0.5107462799049165,22.550335570469798
-0.9697811591089651,-0.9912873841986379,-0.7810776545949626,-0.6955476181434224,-0.5091583104874542,-0.4392063789135099,-0.48083328683561,-0.23967098175108104,-0.2529678384258476,-0.14210394307111518,0.05008687466656858,0.06464611647727181,0.21380894142076068,0.2357246667852182,0.4137384885822526,0.5170478694464726,22.75167785234899
-0.993176389483097,-0.8342833295890393,-0.8151921815127605,-0.6907927406769724,-0.6084219769755659,-0.4835496163267591,-0.3917291924709372,-0.20625066173180273,-0.28749273720300417,-0.03665531897031882,0.032574817240497045,0.10583109068296925,0.2473075135573105,0.28978310855653444,0.42281774627127666,0.5586201876961249,22.953020134228186
-0.9305439504983823,-0.891881896814944,-0.8095334672251285,-0.6837124518780855,-0.6786890085111086,-0.49532600990719,-0.43107445603681327,-0.3710240518884632,-0.22389252807120497,-0.022552840950471387,0.013028006266387893,0.09527007220938466,0.1721130688058894,0.2911038972917146,0.33680724561827713,0.4979835238790018,23.154362416107382
-1.0395740830483806,-0.9378182575630161,-0.9285680847074663,-0.7984995261997518,-0.5910946221476694,-0.5241258721074471,-0.25247126811050336,-0.240486277592995,-0.24906965861438635,-0.1493026094626576,0.057430296160823624,0.15632741853208365,0.16827635644836703,0.31282746344759416,0.33114099334779723,0.47437019148497506,23.355704697986575
-1.047893241771903,-0.9639217228672216,-0.7456566472697019,-0.639005914768807,-0.6218060959347407,-0.475893184477557,-0.359150920433582,-0.28813111268258573,-0.20375411218493933,-0.047959638474057154,0.00719967914961972,0.07482669649234264,0.22234305833321344,0.31373043597981665,0.4456542007930947,0.4094808151060295,23.55704697986577
-0.9888161722838192,-0.9561090887789038,-0.7992268623181948,-0.7004438236851764,-0.7108254815768797,-0.49133628468142077,-0.4711333841670574,-0.3838320431882237,-0.1823771233281105,-0.11536218569284573,-0.039243352835777734,0.05571575080365099,0.2403344072532334,0.2603477786391497,0.4184720825629027,0.48279554570365457,23.758389261744966
-0.9928761558888906,-0.8988774109911126,-0.808679725132764,-0.7452603741292645,-0.6051574030270043,-0.4703812034743381,-0.4195689257380244,-0.3324933417682142,-0.19003197637127278,-0.18934640229837674,0.03942175659142655,0.08926640955183895,0.27301443747525767,0.32621284149818663,0.4683812846167621,0.46516962907887605,23.95973154362416
-1.0302609029600112,-0.9552919460712519,-0.7341358537949427,-0.6781477276457135,-0.6156736042779656,-0.48480542348270383,-0.3859582517040655,-0.2896119013535674,-0.26911644123095413,-0.043068237454767844,-0.041152512566609345,0.10000239189307136,0.199156239099603,0.2644678595292248,0.45642951041196766,0.5262768102704974,24.161073825503355
-0.9366795422385905,-0.8349485111974082,-0.8896389613031872,-0.709335467787239,-0.5895258239912731,-0.5271289701388967,-0.4181993371507474,-0.341344645734596,-0.18587914194685273,-0.06896250434394491,0.05663984990211268,0.13457797313439357,0.21637160695906343,0.32824699450588535,0.29567853462068194,0.5377784680258965,24.36241610738255
-0.9720445871785964,-0.9793020297078752,-0.819822461877373,-0.6450755331527531,-0.5112527093385972,-0.5474583065672052,-0.3030475616036069,-0.25807467270026563,-0.12887230814187223,-0.12617969344038038,-0.010939848759317972,0.15741208519975525,0.22534325918510956,0.21840139888625443,0.4871653047715564,0.5268413530928432,24.563758389261743
-0.9751861382523275,-0.8531381266650748,-0.688033333948902,-0.7348891415462849,-0.6006894510748051,-0.5135667231281504,-0.4295747583665931,-0.2658081901484033,-0.20316694180535122,-0.03744970571711026,0.08741356584238746,0.14241417039767035,0.15832238826158196,0.3402420871991815,0.47867961049511265,0.4761470676035714,24.76510067114094
-0.9556461194544619,-0.7976655156505283,-0.7130154795100596,-0.6422111696223372,-0.5493546805116228,-0.5166119847271349,-0.3767615302725259,-0.24390409009461667,-0.13922055764755425,-0.16692131852689474,-0.008350337701653943,0.13496159289954746,0.13884807098483332,0.35003669490074996,0.450783072355872,0.5810986158813553,24.96644295302013
-0.9540483425770038,-0.8951735453406731,-0.7902852809067517,-0.6617377361960683,-0.4842941564536063,-0.3796770772151623,-0.4077515138950695,-0.2607611840344134,-0.14585714600047717,0.048553442792523605,0.09980105111890858,0.1238021781185562,0.1469606473129298,0.3640075935938619,0.4356844322213066,0.5296958960513222,25.167785234899327
-0.911670412092064,-0.7720760609073991,-0.8067812797338298,-0.5674497332762575,-0.481894138331357,-0.45691155828467467,-0.3400240237734088,-0.24038778964077412,-0.19237862161410668,-0.095585635159946,0.04923816690830474,0.1649625026041368,0.28408177988509165,0.2883224247032068,0.5321578388204822,0.630112080591575,25.369127516778523
-0.9538585592878345,-0.8616670380626282,-0.6572292104398555,-0.5839220682962122,-0.5778566500107702,-0.4367874967466044,-0.37810538445468866,-0.27069824913810514,-0.10297524145849901,-0.09494188710136575,0.14722716145881343,0.16942530701134473,0.281489940657194,0.312983549380623,0.5489765047245212,0.6015553871397248,25.570469798657715
-0.8552398784392217,-0.7967919743144214,-0.5956765360649287,-0.557783292624981,-0.5848195023442629,-0.33071081902950183,-0.2975330361782449,-0.16842479279865485,-0.13045630976103184,0.004443373138178108,0.06868939604526947,0.13294177155911657,0.271260710436918,0.5234732247082479,0.5220076428052949,0.5913692187845949,25.77181208053691
-0.8534558869301931,-0.7644383451376193,-0.6842801758520244,-0.5403387086877083,-0.43734211587364635,-0.4068705131723625,-0.2531327502664841,-0.10159554197418685,-0.05065201438229583,-0.0361117928406941,0.09544122544483513,0.2036508439145973,0.29737438095098645,0.39196326435140516,0.46325109961651545,0.6158108079725136,25.973154362416107
-0.8719614709910734,-0.8405853784675283,-0.5999165156325561,-0.5230612660247266,-0.3771605243669686,-0.4365742400356175,-0.26933605536052097,-0.17245577001366708,-0.10545100233030413,0.03569583936130438,0.16983070284586244,0.23349664432743855,0.25193537157481927,0.4662987005319571,0.5574299461061368,0.6843191898455555,26.1744966442953
-0.8154177705618323,-0.7723241235910876,-0.6697739935042685,-0.5608015515830995,-0.41552652789066613,-0.41329347967314284,-0.26616246631117935,-0.17635353811534105,-0.03744435128114898,0.05961086598831766,0.0901614648343716,0.22811086757169197,0.3491845991621577,0.49183115797631494,0.5694401139519315,0.6553155623601065,26.375838926174495
-0.8651993431676911,-0.6641147049670031,-0.6133193709476994,-0.4526414329711936,-0.4897036506384179,-0.3811009550236406,-0.16648497505021065,-0.15926209597674001,-0.05427887372023399,0.1356335286984427,0.18862124379591017,0.2875646670979478,0.3125973294624885,0.4376741034084767,0.6546776650889293,0.6635373087822077,26.57718120805369
-0.8328755048273614,-0.6677129947981008,-0.546904631737087,-0.5182023985411879,-0.36552809512394024,-0.3428691864472738,-0.22257601642747604,-0.13398913563648707,-0.007223076312507182,0.13121342962896398,0.2461543310707912,0.2830255264697261,0.3712581994838471,0.5039020746631317,0.5684650595710958,0.6350675751959141,26.778523489932883
-0.6791661453635486,-0.6105685483201335,-0.5594326644797604,-0.47732405677938905,-0.3503266652366716,-0.28382770385742956,-0.2200622503826063,-0.056906689396430954,0.0771813232809625,0.11904952408225122,0.21422028081703104,0.36195554535823204,0.47045061168232094,0.5184776682272573,0.6781632460073374,0.7529144567648077,26.97986577181208
-0.7706401789404237,-0.6651083236248404,-0.4002807222512754,-0.4624590392320933,-0.4433083804464153,-0.28196351961623894,-0.158193873711735,-0.08911853127143321,0.07218695896110094,0.10413745257132634,0.1745376471335044,0.3360427455767201,0.4582646483413175,0.6049523998997037,0.5893991880991996,0.7441335415230017,27.18120805369127
-0.7468995360739352,-0.5937123829382102,-0.5183059725912931,-0.47121826849510656,-0.30453128639201843,-0.23502063637526754,-0.1122501891803922,-0.00473711114175257,0.146818075294174,0.18018305256961353,0.3047650111906518,0.31743103456478516,0.6354816009149283,0.699713373124167,0.6566817816494356,0.782962558819328,27.382550335570468
-0.6936096128423898,-0.6036555921909769,-0.5357886108790411,-0.33591225671169644,-0.2886792925286244,-0.17322513726338873,-0.1285273099779699,0.01307871455841636,0.10704526578304674,0.25201103833440097,0.35094811085858457,0.43979469355890166,0.5977993103786807,0.5707482031813551,0.6467369999075374,0.8423564936295835,27.583892617449663
-0.7108877327898426,-0.5912970794281351,-0.5687105653560254,-0.47909539529253153,-0.33796526841298197,-0.20027295784179194,-0.04763986258860087,0.08594900994052268,0.15731249541710068,0.38506726293170024,0.28861224543001607,0.43819518189564044,0.5420449658020421,0.6785246217267165,0.6437873669938698,0.90148084921876,27.785234899328856
-0.5953659767876255,-0.5498973380795187,-0.3805631229595109,-0.3285583697130772,-0.2028247417829011,-0.11622597267559853,0.110362427596295,0.11437841474972088,0.14291452510342273,0.276546356173326,0.2896970586408849,0.4844584919470316,0.5022149095987178,0.6707587016585426,0.8118258061783152,0.7805857186274965,27.98657718120805
-0.587196867681105,-0.5700817341005536,-0.47829241482055,-0.3740585104358437,-0.3038520771424451,-0.13151281491818112,0.10521838098804726,0.12877271843957283,0.18786012655713524,0.352313253232003,0.42029499949055904,0.4687919949545959,0.47031961175227444,0.657729182212932,0.8228877634448782,0.8634247888224237,28.187919463087248
-0.579116910912524,-0.43156673285254243,-0.3480864366042194,-0.24118158843758936,-0.15961900560711595,-0.01983690653534409,0.07211018791890234,0.09868674860661153,0.26717822446182493,0.2573000660167454,0.4423343511143615,0.4845463580173198,0.6259765441395165,0.7277003257548448,0.8672955607983587,1.0430410201468439,28.38926174496644
-0.5137752377241843,-0.4223260677459118,-0.40789470469247097,-0.23955640154367408,-0.13743968426260766,-0.04043200138150327,0.11391958304426852,0.18515893795989746,0.14432352199101994,0.3825786763633311,0.4945713283047872,0.5932020058224448,0.7256491471290498,0.7613620578425428,0.9007341601426493,0.9604220619065587,28.590604026845636
-0.4761147266037967,-0.31451031727085665,-0.3038917611689606,-0.1577297074422352,-0.09991390977896963,0.005368188201111068,0.13547138893049337,0.1573646084719601,0.2552658799508768,0.39053682910874854,0.4705927606794639,0.6176863517177881,0.700787219125743,0.7810059081245654,0.9148294145719297,1.018259811675712,28.79194630872483
-0.4849461375811815,-0.4269594152587201,-0.22055090588869125,-0.15441007428734904,-0.055332848207041374,0.1382563598175045,0.10984284878005812,0.18458315794882008,0.36634770278756734,0.3862579496113664,0.5614737041731491,0.5873534139766478,0.7705089373097128,0.7967305197822526,0.9206698757339223,1.0404734483528153,28.993288590604024
-0.4227197021238336,-0.38889227118228914,-0.22846015343549764,-0.12375738631341571,0.08788257750457795,0.022216928957195903,0.21689622084518267,0.29396201861613647,0.3784225898086717,0.3988969113919184,0.6190189215589488,0.7282357803034891,0.7361489190646877,0.9130085418881071,1.0132707830224084,1.0605937925158353,29.19463087248322
-0.4263297050506143,-0.2410671709074061,-0.20941927000279548,-0.08312176101098556,-0.024526508238322642,0.15167762877389773,0.23616267770630778,0.29369570301464204,0.3925957095368637,0.5396705480966477,0.5658135917816034,0.7193415308114273,0.8834869597174662,0.9056928832189903,1.0318151052459288,1.0013234879671327,29.395973154362416
-0.2580888911967013,-0.309411543639878,-0.1611506690368321,-0.0610425197566537,0.06415660533552953,0.052921142943531896,0.19337680857443956,0.3937376733342956,0.4192205329278876,0.5555430921451059,0.6777590628288257,0.7148395017193101,0.9056434299022067,0.9756092695950971,0.9692929919741715,1.1019372541218244,29.597315436241608
-0.3842092483459173,-0.184611298289738,-0.1584429838223076,0.02942251660922468,0.16537434283509644,0.16561599798516724,0.261512820466386,0.38675598946639045,0.5259380443134057,0.5620288679062004,0.6326072093070609,0.8123358423573053,0.8639746850158003,0.9795996860977194,1.1193852293488347,1.16449539235989,29.798657718120804
-0.24624152335647176,-0.2352673821884625,-0.09583553454330043,-0.0037868844599414087,0.12466152055494079,0.23301919450347858,0.3043921307284639,0.40716395033152525,0.6513061305697116,0.6297078792644328,0.8051075964666148,0.8028150820791149,0.9912884485943056,0.9631332344260721,1.1610574488446928,1.2166461758953337,30.0
